"Tm_ID","mxp_ID"
694,"859f0c23-b36b-4490-ad9e-0b518ffb7d3f"
1468,"c9fda3b3-8850-4ec5-a6ab-28b6d19e9cf2"
412,"0668b846-381c-42e5-8a77-d2eeede7e1b1"
343,"a6946009-e4a9-467f-84c1-4951fa9bb721"
236,"c5446a25-b28a-4e19-b4ce-871d38253f1c"
1236,"4bf4089e-2920-44d5-84c2-1ad76f2b5d9d"
438,"69b9980a-4fd9-40c5-9903-9ff0f18a6868"
110,"895bd32f-e485-492b-9b56-419bf641be1b"
772,"b6daf1d4-9342-4180-b799-20d1ba9a53ed"
874,"c825193e-d94e-4981-aea8-89bbf8345fc0"
854,"1817dc67-4c05-4083-b2ea-65e6eda3901b"
1358,"403bf27e-a130-4a9b-b88e-94fd6eaf2ca1"
1576,"218c9d6a-e758-4ade-a643-a4c2e47dae29"
1562,"e4ae4c56-fd63-4cd9-ab83-b543fa0f24ba"
958,"f32f5693-3a16-432b-a596-fb6686b9c1cd"
1642,"a603f45e-63fe-4c47-9062-c3c26300f4f2"
1352,"282a179a-c141-4af9-a53b-52a03cba7ae3"
490,"f2d5ee0f-0bae-4019-a2be-69181f446cc8"
602,"fed7109b-de97-4696-9201-e9fb53774cfb"
1646,"0fddf5f4-1a69-4ca3-8885-ce258452a335"
136,"da3feb24-7fad-4950-af38-690397ff766a"
1310,"ec118d92-00c5-4d3c-9d11-a40bf21b61f5"
604,"35bc93f6-bb8c-40c6-8aa6-baae21440fa6"
862,"355662cb-5ce6-4c5b-a8eb-9565f06eaebe"
126,"029346a3-8cb0-4fff-925a-bf4fb94be261"
154,"a6c1a505-94aa-450a-89f5-92a280d9c875"
732,"3a67e489-a3ff-4fd5-8337-6f728825fdb2"
722,"7e0d92ee-1840-474f-8bed-d89d892ebc1b"
1228,"f3765b32-1fd3-427c-aabf-0e2ae77ef84c"
424,"38b052e7-08bb-4f2d-af14-30f38bd23fe3"
316,"a8b1f328-38ca-4128-9611-44aa11db65e3"
988,"2e467cb0-c5ae-4d40-a2c5-d64f3df7ac28"
1626,"fda0775b-5891-459e-8972-9d4300f769cb"
1752,"22f08951-2987-4bc3-94fc-5d2dc53a518d"
1450,"84e2e09f-064c-4ccb-a3fa-c51fcac5fa85"
1226,"4cef357a-de3c-4783-817c-93be6fcaf6a5"
1568,"808516d1-2ef9-4796-b756-1feabcf1331f"
1676,"59513ab6-4c6e-41be-964a-cfcf3c6dc89c"
1256,"6a587fd0-9c76-4508-bc83-cdef8088120e"
744,"f3dac743-3e3b-42b0-b8a3-a57c49ebfd27"
1682,"327e48d8-47b8-418a-9067-6a2809514351"
816,"6a0a6cea-5c9b-445e-aa92-445fc9b4b0b4"
554,"ea02645b-84f1-497e-8fca-ec0f30eac3bd"
1284,"e059855f-67b9-4586-8d6e-d3bf5e776e44"
1652,"40d985b3-7e94-40b4-acaf-6a5a969ba30d"
1004,"80715b73-f43a-4de9-b8f7-a6a0113ba46d"
212,"2ee998dc-0107-4352-a3d3-a57073bb4b3a"
10200,"847e9975-4e07-4a6c-94e3-a9f4cac6a108"
1178,"44020a08-2358-4f5a-9a2f-ab0650c2db75"
252,"95208193-9e33-49a6-b49b-7ece40255664"
1656,"f445b38b-8bcc-4dab-8893-67686bd4c2ac"
962,"9a6d2fb4-633b-4d27-b19b-6f648cc9e48d"
748,"87542c0d-2805-4f18-ac19-2e1e3dd5f3fc"
1436,"6f1ac05f-5267-4c5d-a610-776ea6d803bc"
1612,"8c6d13f9-5346-4595-98e8-0c5aaefcdcae"
502,"5e6674d4-a288-493d-864a-5ae9a0eb6307"
1737,"48870e9b-6709-4294-90a8-26b97b647188"
482,"de67a66e-31c8-4d5b-8c61-4f426bfffa35"
882,"72234cc6-e377-481e-a5b7-ad8c4454c3fe"
1698,"a4455977-99fc-44a3-bb0f-783b4d45a201"
726,"b4f93b37-f36e-4003-ab86-fb264d84284c"
1740,"b26720c3-cf4b-44e7-81bc-b06cd536e5b1"
122,"e3ec5277-8657-4f73-b8f6-5888c2d25dfe"
681,"11add39e-5025-4fd5-886f-cc0968bcbace"
664,"f057f8f2-2f0d-4f20-918f-1da3f754c1d5"
886,"8a17fc5c-109b-41ca-bdad-9d79b9e4adf3"
328,"9989fbc9-49f7-44f1-9649-3a068f046c76"
332,"e91b8949-0d80-4e18-bbe0-89184ac305dd"
1530,"10351c58-f79d-4034-b329-56e65be88b42"
524,"55f8a0b2-a196-4660-a9ea-d9d09f6aa7f4"
10692,"f63a1f42-8b63-4a24-a5d2-975541eb07e8"
1074,"0e7018d0-394b-4298-bc39-7f7fcb7761ee"
742,"41762237-9649-4616-a5c0-14993478920a"
1518,"e5e05e02-8252-4a66-b5d7-e1f6cbc5f723"
1666,"5678bf5f-4fe1-41f1-b14d-29f3d8012d0c"
9001,"be278032-6fd9-47b5-bb28-eb3b0e22577b"
1732,"fea28a4d-8bb1-4062-be7f-70d5aac1790d"
1421,"00f3cdc1-3d1b-40cc-aab7-8eea26021924"
1720,"0aec7382-0725-4988-be68-4f58ed7f8628"
1956,"632fdec0-5f3f-4b55-b43c-85b40c961f20"
1348,"6b3d5b7f-b926-4fc0-b3da-65fe5a8bddee"
1744,"0c8c3d2c-3075-40e4-96dd-88e67be32a73"
10737,"253eebb4-a163-40b8-a46e-759de6fcebbd"
368,"5951e4f4-deff-4ae0-9122-9f21bc7a0fb3"
576,"6f2d9d39-ce42-41e5-82f1-c0b3fe7e463d"
776,"71a47250-0011-4f52-9cfa-e94f6a297e84"
1023,"784a1d00-2028-4f3f-b811-eb1680ecf1a5"
9272,"a43d2b9d-02bf-426e-832e-666b0e8ffa07"
10524,"1111aa61-2a6d-4ec1-bcf7-5ecf2a87e83d"
192,"3073131a-7fcc-4a9b-a48d-df430cc59db8"
1235,"f816f754-6128-46da-8e52-b599f77fa819"
9461,"2394eca5-4d76-4265-b79f-5b9e01ec513b"
884,"0202d9e9-d29d-4aaf-8440-60d4703fc45e"
920,"80d83c66-b7f0-4377-8e47-3e6ef906ff76"
1042,"88569bf7-f273-4826-a8dd-31a50be66d2d"
1134,"c7c628ff-1c1c-4fc0-b658-b21a7c8cba20"
476,"b9ba797f-b6af-4bfe-a098-7140f4f75b2a"
10605,"d878d122-faa5-4fa0-89e5-f39fe83d9638"
9057,"bdb3dcf7-e8ca-452e-beb9-e29e34338aa0"
1002,"c05da458-c38b-4565-985c-4315510d57b4"
1026,"6e127fc1-aea3-4b45-8455-64e203001ba7"
1660,"0d195810-a4ff-4b22-bb58-e2b516ba2bf0"
494,"64b73d49-0a5a-4acc-83c3-e0b0bcb4a0e9"
618,"7f583819-b402-4074-828b-666f59811d02"
1604,"7fe585c5-e273-40e3-8665-e1a7f4d958a2"
144,"0f8600a6-104d-4dec-ac62-f0bacd8ec6ce"
1084,"dfce055a-e10a-43ee-9b0a-28f9c5a662ae"
1008,"5dfa1915-1957-47bc-bdc9-3c38c36684f2"
706,"1a94bc4a-f63a-4a5c-a858-f6f155310f57"
578,"079dad2a-c37e-422a-a9f2-e71c48688c9b"
1186,"cb4e3eb3-afce-4083-8ece-b03b3ca5506c"
1636,"af3c19b3-f925-4745-8fd9-0a83d95feb57"
1514,"a62542cc-3384-4599-ba60-e0dca8561eb4"
1540,"6829a12f-222b-4a2e-986d-71c3d6d81695"
362,"24290c55-7dac-4473-9aba-d98d1a4170d3"
1318,"907e4144-0337-4b64-ad7d-dfb8d2280018"
484,"b53a7ca3-7d32-4e75-97a6-8d2b84eaf877"
442,"c5e414e4-d7dd-413c-92e1-3c6ba65d1e55"
370,"83430a9a-cc47-4404-ba78-f2d7c6127e41"
194,"d5bfd911-b632-44d3-ad6b-a10dfcbc8a05"
114,"ca750a90-d591-41db-bb1f-39fe8d06514b"
166,"f8fc2ad3-cb5a-41db-a288-ffd259fb42fb"
100,"e9e20e72-67f7-4039-aa5a-972e449bda95"
820,"2abb41b5-21b5-4d94-9e19-7eb3db92d21c"
1506,"883948bf-4622-4f5e-8325-376c9bacf39c"
1092,"eced46c6-d718-42d0-98e7-fb098f00a785"
1072,"c0c9bbe1-9e2d-434c-b4cd-44f253599541"
908,"9a64499a-1af8-4e33-9f4f-52e384820258"
1592,"060451f7-e8f2-49af-9986-c5e6dba97680"
1242,"5eef8602-1390-438d-b420-e1864b23c84a"
1246,"c1b25db8-6223-4311-a5d8-71ca4b6297d9"
1742,"1ba50365-2edf-419f-903e-dda803aa3c39"
852,"c0ef70f8-8b4f-4ced-8861-85114d75757f"
1440,"42cfb0f8-e4a9-4946-9b15-691d81358e12"
560,"3fd4133a-35e7-4942-a7a2-e8e646c5dc56"
1288,"879dce17-709a-48e4-8c76-b6f1b1440c56"
1046,"ecf4ccd7-4f99-46f5-a8d6-8a1cd20ff9ae"
1658,"50cc3430-4c2e-4069-96b0-2a3287422174"
322,"be491b38-956f-4b89-817e-4ad9bfb01e5a"
964,"f1af7727-e308-4878-82a3-e5a761c405a2"
902,"9a210024-1292-4c7a-b3e1-205731214fee"
1432,"747feb05-c3b4-43d5-8705-b97c39fcba9d"
1162,"10d2d42b-d44b-4775-a580-d81b5e4c2cc3"
340,"0bda7cab-7dbd-4400-b510-1b1af5e8d712"
1378,"680b7351-4e1a-4134-a4ef-53a97731bad6"
1392,"c677cbca-6246-49e7-b9b8-3e72f0000d35"
304,"f2dd5a70-74ab-4959-90a1-1234f27a1ba4"
528,"0d82cea5-1dd2-454b-a530-e48be7d0b057"
1448,"dcee0bd8-8cc6-4f93-b3d4-e3be22c095e5"
160,"e4d3558a-5278-4db1-a76a-487a42ccc3ff"
436,"4659833c-2706-433d-9187-5929fb663156"
751,"9bae14c1-3152-4789-bd8f-1b37f0648d8b"
1180,"127ccda4-c672-4582-9d94-3308b833d397"
358,"be9fe686-4d17-43dc-b0e4-79da94ec626f"
440,"c12e516a-3ec0-490d-8447-569dfbe9831e"
728,"3e9d5644-7022-4c27-9ee9-28484a9ff6f9"
218,"5274c3f3-76e5-4447-87f5-6ddbe2049f5b"
866,"d08e3485-3be9-4c27-b76b-231e7be0eed9"
890,"bb34bb50-0ced-44f4-bb46-84def7a17979"
302,"22ec9ba3-96c4-4c58-b61f-7f9fd07cfb5e"
686,"82259af9-b3a6-43df-8ba4-da693d2904b9"
1526,"de51c48a-3b81-41c5-8d54-536a940d6b1e"
232,"cd716fba-8e76-4bbd-afa6-19de7ded9160"
760,"df782fc6-33a7-4761-aa0b-3589c9b8e9b4"
830,"235e1d5f-3bbe-421e-9efa-e05f2b6dfccc"
796,"285dde9d-94bf-48d1-a531-2f47f29bdec2"
544,"5c2f6e76-fa43-4721-b6af-d3b2b3b1238b"
220,"8b11f51e-080d-4b95-9431-16d1861fea74"
1090,"0ff966b4-1a64-4681-9cc1-d8c638b7f31f"
108,"321951e0-8168-449c-9bee-da676fe760c5"
426,"6b278d48-dab9-46a0-a8a2-bfc84a0a0659"
1188,"2d6b6c46-b5f4-4d3a-b308-acae592cbc71"
10525,"f3ced6b5-0b44-40e1-b254-0a6e31520e0e"
1164,"1f4cdb2b-cd41-4261-be9d-6061b62e7586"
904,"876ad522-48df-43a6-9804-f5f75a601cf0"
1034,"fdaf1ff0-95da-4c00-84c6-1f1fec8db791"
646,"e6d828eb-d1ba-4ddb-86e4-cba10becd3a6"
1719,"62155bec-87ea-49c7-b4dc-c0773e20bfc8"
696,"9cb05ee8-3526-44d6-a2a0-6a297e9d0f5e"
1274,"f96cacba-88b2-419a-9b6a-80d97d42c4f4"
837,"ae4b4150-f34d-40d0-a40f-c647968bf2f3"
1554,"6c1b8750-b19c-4d53-8a05-ea0533d7d762"
1508,"b64b573b-ea87-4b44-adf7-0c217702677f"
1610,"cdecebb8-792d-4922-b534-6ac7a1421d91"
810,"b1d5638b-6cbb-43d9-938e-454065d0dd54"
132,"1d4940e3-6f4c-4396-b63c-1d7e2f9cd797"
998,"36fbde50-97f3-4ee6-9632-e0797cf131ad"
582,"9b3d0312-2bba-4789-ac77-aaad52254488"
1552,"5b9fee1d-0a4d-41de-b1a9-91af619f6f40"
10011,"b55ac616-005d-4993-a63d-f0424ecbbc50"
1677,"d6baf5ab-804d-435c-ab27-cbee06947649"
1470,"860744ae-401c-4e50-9c4f-da64d7254405"
972,"a0b28206-8063-46fa-b8a0-f885dd43516c"
685,"a3776127-fedb-4c60-bf62-773003af494b"
717,"93ee51bf-a51e-4f02-81ec-d9f22c4393d3"
842,"9ac37c2a-3683-42dd-b22c-3f828141713b"
320,"06463f02-7ba6-4535-8664-746442b4f42a"
138,"87c5b3eb-9034-4edc-8f26-27ce9c27b4a9"
116,"1b3a5ab0-209a-4bc5-967e-9ca4cdffc25a"
516,"9ff404b0-ee2a-4ff7-a17b-cc05615ec3a1"
1528,"d42c930d-0300-42a9-b953-9e9c707d67d4"
1512,"a12e2858-9873-420e-bf41-43a025954f1a"
522,"1e601ccf-4bdc-445d-a4a0-aed2c99fb392"
572,"d4799e6d-ba1a-4045-b1ff-eebfa41fadd9"
394,"f97ee1b3-cf1e-427b-b4f9-d22ee110fe61"
1600,"bd372041-88ed-4ed3-ba62-ba3bbe537197"
1230,"0087dc7b-d0ef-430f-8d9e-357730ecfed6"
264,"6aa07db4-9164-459c-bffc-e271aec1f1e2"
1052,"620e2a8f-a17c-4de9-8a67-d6b12bfa32aa"
352,"dd39b495-c709-4623-9d65-a24ce0f2cac1"
430,"3ac02d99-992b-49db-b6d7-5ceb444a04a8"
924,"e483f5eb-dcfe-484b-ae14-7c509094a323"
1564,"024cb8d3-c50c-4cf0-8db1-6eecd810cce2"
1082,"3feff914-b809-49e8-9d60-3e49512c8cee"
246,"0fcaaf32-3b72-4b27-807f-3f2bb10f7d60"
130,"4f6200a7-c29a-4e78-9528-99ba854bd3f5"
1054,"adb9193f-d755-4289-8cbf-3e06389e4f3d"
206,"33b9ae9e-989f-4b0b-8405-6bac25ed4e33"
1018,"c919542f-f748-4261-bd9d-bb1b6e4f310e"
105,"320a24de-d603-4dbe-a0a8-538424d496c7"
1553,"2539937f-d5a4-4df6-b7ad-7b66bd414d56"
1546,"610947c2-a9f6-4201-b8dd-9f56668d5a76"
1324,"4d7e7daa-3d4a-455a-9f6d-9c3e522fba6a"
1482,"4f1ead9f-1100-44d6-bd67-b68a8e206c56"
1212,"2c931a4e-352a-4594-b0cf-434b3b2f9283"
976,"609af290-723b-42ad-b4fc-81e5df6fbd67"
242,"c7c3973d-4252-4c3d-a07c-dc430606fe66"
1248,"ecc79c7d-4101-4fae-8d7c-696573689764"
1510,"bbe8322e-a5bf-469c-bf48-3d91824f8ccc"
1332,"04dc31ee-8049-42b7-8436-17ad932e4d46"
1476,"bf3a3a05-8353-4db4-8659-d81cfc0daed3"
1080,"8a112f20-ddd9-49a7-8d8c-824b00fdb800"
1704,"b65e88e2-aa4a-4bb9-825c-82d2fcdea2fa"
224,"ef6f1859-cc8b-493e-8157-7d99b19e27e3"
586,"2bae9a0e-60c2-472c-9463-55b0fff1541f"
406,"717d2d13-1c79-43ca-9224-d3a3c87abe3b"
1240,"6a4c6591-c7a9-4756-881e-10f61992508c"
652,"d7997a93-ced0-4bab-9b0d-7dc7bc9d87c6"
152,"2b137b05-feb0-450d-9ba8-6f4419ba4332"
1204,"f550e85f-9a59-4cf0-a9ed-050fa1cd29c7"
1360,"0384063c-d420-4fee-a64b-30ccd5167afc"
1350,"7cf7c8b2-23ad-4b7f-a7d0-06781ae6922d"
392,"981eeac9-b7ea-484d-a522-103a4b239219"
710,"c212df97-10d8-4180-a716-59f863743c71"
372,"00a6aaa0-7540-42ed-9e9c-c46b22ee50ee"
342,"036182e3-86f8-47a9-b7df-2da10343ce3c"
520,"59310918-64ef-4420-993f-1d98ef325470"
1216,"5b9d19a3-40a7-47d2-a274-01182a1da3a1"
512,"907fa480-49f3-401b-b649-18a5d9ad4ff3"
708,"8ac11f0a-317f-4066-9f5d-1ba5c605edd1"
1532,"41d3b1bc-7c5d-4144-a760-29a5ce49e6db"
452,"c9949032-7258-4e05-8139-f5079e1a809a"
1066,"8ddc17e5-21b1-4b05-bf24-43969e3e2a16"
1426,"c8297a02-6402-4636-9da5-33bdc37591ac"
1542,"c3f343ad-2077-4771-93ac-307b98be3474"
534,"9fcbdb0f-6b40-446e-816a-e23c2c44946d"
1580,"d7a4edc2-0dca-4279-ab49-f044564c29e4"
800,"4d7173e3-fe5b-41f0-afc6-4acef4433ea7"
786,"fcd97dda-9804-4a43-ad4d-85ee4c2c12fd"
196,"bc92bf6b-0bd2-4c6a-a980-e61e52969b8c"
112,"a13327b2-ae10-4c10-9c7d-0f08c2c6febe"
9900,"4be6e21a-59f8-4761-96a6-f4ba32e21e89"
384,"88f3297a-3a4f-4fb9-9a35-2eb8b2ce0ceb"
1063,"f69dcb4e-fb61-43a7-81cd-fcd013c68009"
1560,"456e8bb5-e2ac-44da-bc35-418e0ae66831"
1120,"114fde86-5397-485f-9402-19988c6cc2e4"
626,"aa1fa22f-e7d4-4e68-9e0e-4c3e51c79efc"
483,"930d67b2-7ef2-4844-924c-88b4e2a05a11"
1751,"fb84be6a-c974-4917-ab5a-790f566ad930"
256,"1507509a-2514-4e6a-bf1d-ef5132e49e28"
812,"a7868837-f2a3-4b14-ac6e-d7239d7bcbb9"
1364,"1728a61d-c24d-4d65-b6fc-978c75ea1cf8"
784,"a89b8e87-ed10-45ac-b3a5-f1628139a30b"
456,"d8dcb16c-3f41-417e-9f8f-e440ff65122d"
446,"dfcf6f05-75bf-47ae-8a90-915974ca7a05"
1294,"78850c5d-7070-4edf-b30a-6453df79c78e"
1000,"58539aaa-e712-4081-a59e-0a80cbade0d0"
448,"4f7b4f28-bad2-4e60-96dd-d5ef6c0dde66"
326,"fd89c5ff-effe-49d7-9aae-910a36b6c2a6"
1316,"38931a30-d850-45af-b1af-562fb35f5c57"
1280,"46e0431b-e941-4d48-8bce-5f451db6b015"
478,"afbf2292-773e-432c-80d1-447b04f5f700"
1094,"19833766-a9e5-4beb-a9fc-deb6ebf5ba14"
1594,"e308bf9f-f4a5-4665-beeb-8877b9a972b2"
990,"d0265414-a283-4940-a970-912ab8aa7d50"
834,"88f04c0b-7b95-44b4-9f6b-ebe10349a6ec"
1386,"a35c48a8-9495-4a27-9b23-8f6f02598938"
1130,"d7136e4b-2058-46e7-aed6-bdf0926df330"
1308,"af7e5855-ea92-4dee-9d2e-fdb1d8792cbc"
1298,"d0e3d100-9990-4101-8b8f-cfef0b80dd64"
900,"cf741fdb-430c-4bbe-b738-68f6bc072058"
1688,"e3e08924-6317-41c4-b3e4-605a9f6d3362"
1272,"ed7bb0ea-aee9-47ea-8ab6-ef16601b2566"
1150,"5cca2a53-7c4a-44d9-9f80-b17c174ebf49"
1027,"0fcaaf32-3b72-4b27-807f-3f2bb10f7d60"
672,"902e089e-c481-4987-8dd4-5670e40a6983"
318,"8ccdbeec-0c00-4a4d-b006-bdbbe90e98e0"
807,"59fb11fc-0f90-401a-bb4c-8725f6a1e89a"
506,"913734ac-aba5-46eb-b39e-0dab2154cba9"
336,"2b688bfb-cfe7-48c6-aac5-2446fe5391ca"
1276,"5668378a-ca83-436e-8e4b-4abb5ed61d21"
158,"8ef30c81-bd8f-4675-8ec4-0abc71f4c091"
1322,"1f5cfc5c-72ef-4645-b85b-b5e5864c0b39"
804,"885e6ee8-84ae-4e9c-a9dc-d38f776a3deb"
402,"d7e8da87-e1fa-4942-b9be-e469df4441a3"
13391,"98036204-7472-4653-8cd2-f333aff530bd"
1414,"c0fadbc3-92c5-4cce-a24c-61c10c9d7532"
1590,"e814db11-565c-499a-b4f1-a3f7155dd869"
388,"aa001a13-8b6f-405a-93e2-4b37583b8787"
118,"f6fd10d3-1f25-4707-b9f5-0c480d6fe4dc"
1022,"9683a4dd-ba65-4048-86a1-0ead456359a6"
1746,"cf2b4e12-ff8e-413f-be5a-6ff45163fa85"
752,"50c2e6a2-25dd-4e8c-b08f-e657d3a0a2f6"
184,"946f0261-21ce-4888-91c8-9157c484d72f"
678,"7d9a33ef-7924-414b-a260-c7e139cbc956"
1190,"ef61f78e-2e4f-4d33-95d2-cca309deef37"
636,"cf475dc8-e5d9-433d-8060-6054e5620def"
1488,"10f9626c-1dc5-436e-907b-ff4e9d84d299"
14918,"56d98abd-343e-4f12-b510-666a90501fac"
346,"6f500be5-448c-4ef9-b8ab-1b307894d157"
1614,"dbcc8906-6d42-4c3e-8681-d8aa24b4ef27"
238,"0a3a85f5-59fa-4d92-832d-9c55f98f95ec"
1384,"3d5da0b2-36c5-48c2-b9c7-993affe24617"
356,"e308a60e-9fa1-4007-940e-739d722a4647"
824,"9e74ae21-8a76-4c27-aec4-110b9c6e3ed9"
1224,"b09dd6df-88c0-44cb-a2ed-166f7962d50c"
14916,"8a9e8582-5e9f-489a-a9c3-e63073d03fdf"
1624,"3797b87e-6c59-4035-9e62-9a1231211658"
1326,"3642c69b-286b-4254-8a7d-6556c760260c"
148,"acda0b98-235d-4138-b3fb-f315ed403188"
1410,"6988d406-ace1-49ce-b233-d0a0a27405b9"
592,"3a1cdc86-d84d-4f9e-aab3-b9a3fa047962"
274,"b70b0b9b-47e4-461b-98a3-7dc7d168f198"
306,"5768159b-d215-456e-8d56-240c32e6f537"
1734,"0ce6f19d-2d4a-44f0-8b43-5dd874f37489"
1106,"d4982d00-f58e-4c4f-91a4-00054d62a461"
1750,"28e42c4c-7d94-44c5-a645-86db0000d12c"
1346,"2f510683-5829-4d1e-9a93-703a82f12a58"
25227,"5063c7ff-2281-4901-b6f2-91accd898009"
736,"559e7b18-2a4c-4866-ae89-291d838c73cc"
1550,"b3663b0b-1951-4e91-a229-c36d453f3eef"
1354,"9fade2f5-ee29-4330-86b1-bcbbb4ea655d"
310,"1518cf1f-3588-451f-9424-ef1b4de2902b"
25238,"631a8bd2-71ab-46b3-85e2-5f59ba37a6e5"
980,"97ee9342-f164-44ba-83a2-fb399407e282"
270,"60c4ddda-a32c-4482-acc2-a7316b3278d7"
150,"8e96c802-7b3f-4423-8574-7a064890bc2b"
698,"735764c3-e02a-4ed0-9add-2382c90b9d9d"
1522,"59fa1802-5c92-41a2-bd82-e4c1937b3912"
1620,"66dbd672-85a7-4c6c-b683-9ace2b8390f2"
1264,"d5b03072-b45a-48e8-bdda-6e9fbd72cfbf"
1108,"ef8a8bdf-d277-4903-bbd2-4d9ffcad6706"
25114,"db51137d-e832-49a0-80c0-fa1e3e9e0820"
510,"249a4b44-119e-479e-8594-8c19fa11091b"
622,"767619b8-4726-4754-a60a-0ba403bb2eaa"
25132,"bec2a0b1-19d8-4d96-87d5-c6b012a2ab95"
1578,"7909eca9-6b73-4f7e-8b3f-d3f64c76c2f0"
1176,"af1800f5-8273-4658-8939-1a336aaa4985"
1638,"b7d8d71b-c14f-4829-a606-0e6d820c88c4"
1142,"8c9251e1-b7c6-44ed-81f1-a6813e2b4e1b"
1388,"42a5cba4-5796-4f6f-822b-50557f4c09a8"
13167,"1220daa6-610c-4600-a8e8-974d00f12ff3"
1254,"1fac7e26-19aa-4835-affb-f311d5ea7014"
10756,"6fd2176b-408c-4fa6-a097-094cdba695e5"
10762,"687384b7-6d3f-47cc-b983-ef07b585923c"
486,"fa5d5b15-a9cc-47ca-9d17-748f21cdffe2"
14801,"373d37e4-9397-4b76-ac0b-b90bdcdaacde"
11293,"6358fe80-e913-48d3-b481-abfbd6e0a9f5"
11582,"77b851f9-71f7-436d-905a-7c3a135daf85"
836,"b2369f7e-0ba0-46f9-9aec-9cfc251613ab"
396,"c50e5569-5735-4a27-b75a-11e3aa5322f6"
1255,"cbb26a5c-5461-4b76-a2b1-cc813c1f98c5"
13277,"5d19172b-b4db-44cc-93ba-ed573c338696"
25137,"113f954e-1f8b-4952-a66c-a69761ac60fb"
716,"47b31a0a-7938-459b-b4a7-8c70e8ef3138"
1016,"1814bd70-ce13-4bc0-86ff-a53ea21c670b"
10562,"23deb242-e4ef-41b0-a1c8-ffceb86d100e"
1020,"24db4bf4-25ac-4d5a-9a08-ec07c5906dc1"
17504,"e2708027-e41b-4746-8cfc-8a631ea3fd4c"
25173,"7ec2beb9-7790-4f51-8c29-b79ab1a02cfc"
10738,"7bdd9877-4ba4-4295-9eea-d35a2a03b27d"
10645,"080e9c16-e0ff-4a8b-bd8b-ddaebffd4041"
29762,"3d826abe-7d55-4a8e-a911-c11f4990aa07"
11065,"b5dda690-70db-4a14-bbdb-de1315d87a27"
13727,"77039015-9e5b-4843-99ae-3b563d05aa6b"
11342,"a522658e-95c2-4f4c-9698-7a4a2b8ae6cf"
272,"a1fa8f00-a562-43d8-8182-365bd045228c"
542,"b1abc6c5-46e4-4578-accd-131559c05d25"
466,"309e713e-5ce1-49f4-9372-1526fbe83390"
1234,"f0e2de26-6f19-4d30-8eda-085abdc77b75"
1634,"a7f8a626-8c66-4462-b8ce-79dc9628677a"
864,"c9204366-cf2e-4672-9ce0-7ad52d771732"
1172,"f2c406b7-b937-4add-b637-0edd1800ffb4"
404,"3f3e31f0-53a8-405f-be86-8be3b05f5f83"
1706,"a96cf49c-9ec9-43b7-8149-533cc9b415a2"
754,"39c885a6-19ff-4efc-8e3b-108c508b76c0"
1260,"463e2171-5def-47f8-b92f-d9653f4d0f35"
128,"95d84fd7-9b36-429b-83bf-0d40ea5900e5"
1370,"10272c73-0515-4698-a3e5-ce4923fd047b"
120,"55c0d895-7a7e-42ce-9c97-c7a00e6cdd6c"
1710,"892687dd-ffd3-4370-8ba0-9e895811dcb3"
472,"a971982c-ddaf-4889-a7cc-f999b90389fd"
1736,"0c925a27-de86-4786-922b-439bafa20f45"
1680,"6ba07aaf-fff6-427f-a925-13c843021e91"
940,"960ad5fc-e4b6-4aaa-bbb1-3019daaaecd0"
1210,"e0a3adc1-4768-4a7f-a83b-9315b6eb09a5"
378,"cca1d3eb-e3f6-426c-ab15-6eb7e96022a2"
926,"aa0c3caa-0371-4771-976c-4ebac270e3b4"
856,"f85016bf-ae80-4257-a634-e1d366c3c5a6"
146,"313738b3-aa27-49f2-af50-c2c6adc89f46"
1606,"c0cffcf0-29fa-471e-873d-41711d4a229a"
1394,"b64edddd-c363-4367-a5ff-5f528593d7f2"
1086,"31f0694a-0ef4-45db-88ea-32704e52d611"
1202,"8dfa759f-58ac-424c-8068-740cb8528dfe"
168,"ac411a47-71d6-4ef8-8143-343d1f033bff"
1078,"91f80c59-512a-4eef-bc4f-fd4a0be4daa9"
670,"8f57c7db-f52a-4a7e-a1ce-256e81024d02"
822,"267605c7-5266-46e2-ad80-ef7de450ec90"
1032,"2a20927d-613b-4297-92f1-b2b3105bd535"
190,"8aabaf42-98e0-445c-824d-7f3ba130546c"
1416,"c9af30c6-9f73-47da-a8dd-eefd39185a0c"
1203,"e03a5135-0f39-4e32-889a-317b91dccf8e"
1678,"9259b16c-2ff3-45cd-9a04-c70bdc416689"
458,"675be3f8-736b-4a39-8de5-3310c0c0b75d"
1618,"528acd90-5f71-4b63-80f3-f4c27a423ca1"
364,"02b77da5-e0bf-4f22-b602-d181a9911044"
10085,"51682366-61b8-4b85-b5e3-adc3fd4d61b5"
762,"b7ff9591-62ca-4250-b142-e34e4012d506"
1632,"1318bf94-7c04-45a9-82f3-2cce12d269ab"
556,"f89298e8-1d32-4e67-8894-d14518ffa709"
1544,"2f17cd08-6c3f-4f8e-a23a-11424903c50e"
666,"121b824a-45e2-4d10-80c7-9bb60e15ebf9"
888,"62d7ddf0-77cf-45ab-ae5d-8a6cc2af092e"
956,"ed2a7abb-0cc3-4882-887c-54ce1add06e3"
10125,"65077a9e-e060-4bb9-bb5a-8cd066b524ab"
350,"4d58e8d1-7b2a-441d-924c-e2735b3323f5"
1208,"f825739f-05b5-43a9-87e7-09e2accfcf49"
802,"9a635bf7-86d3-4e10-8c73-e36431d27a5c"
922,"77aa8d80-0130-4336-96d4-69b9dd403c06"
1281,"ba1a9380-6b54-48b1-9055-ec9237f34bfb"
360,"cf9ae538-a40a-42c7-ac0c-91dd01c24871"
738,"ac64c722-bb1b-42f7-accb-4e1c4e5071e5"
1428,"d13f0600-9b27-43b9-9c9b-3046a3404a0d"
422,"4c20a55c-8c42-44ae-ab05-27b76989192d"
1116,"30c01c87-9895-4090-9597-27d993d0f3bb"
540,"ff446895-c935-4333-8032-d96017e14054"
740,"6da0864c-c7f0-419b-a491-d7a1b272306b"
444,"ce926497-fe58-4e63-bb8d-6786d9527a39"
1496,"5a738a26-ac51-4214-9671-b52da2e40273"
170,"08b120c7-0d98-433b-8ff1-8cad9e7d9a50"
828,"0f125294-fbb0-4021-b74e-0a004f707ff7"
214,"85bb469e-2480-4841-b3b9-1e31978ae6d3"
1312,"09d3b5ed-a578-4771-ac20-11bf98541760"
650,"b18b5d05-adf2-4e00-853f-b86c2f91b556"
764,"b6c1982b-7cbc-42c5-b5b4-aac4c55dadb8"
730,"63088126-243a-498a-8221-9a33b5309878"
1244,"36989169-c515-4780-8ed6-93c1f5df12ad"
692,"4b2b3c8e-90b5-4bfd-89ce-b2653b716801"
25103,"db311676-9d54-43b3-a6db-16d32af92d35"
724,"fc679173-a6eb-4a31-b130-f5e9d7ea2183"
268,"20b44f76-9d80-4df6-a629-5dc2c86a90f7"
690,"ea096f37-a797-4326-86c6-4980815ae01b"
970,"14b2db24-a323-4286-be0e-ddbe617b0680"
1671,"0f08499e-5014-48b9-94ba-e9b1622edbfb"
25105,"cdd95458-0c5b-470c-8e1f-1948bd3996ec"
12530,"a0698fd4-d4ab-4183-bd70-d1e307b57e3a"
140,"48de233e-93de-47f5-a710-8277849101fa"
1232,"937b83ab-fa78-4c37-9d0f-76992e864fd3"
1650,"cad1bb53-88e6-4011-9018-e76c9bf87c9e"
894,"e5232edf-4612-4c70-99d7-ea921e129cbf"
1320,"4ea48270-ac52-4cc2-90a6-4e3b653e1cea"
1152,"2b1760ec-ab98-49f6-a950-4c94388d4acf"
1598,"f360e02b-3b5b-4ab6-9ac0-e359148a8783"
590,"a7930875-ecc1-4f10-9d94-c780564cd402"
1030,"07a0d6af-29e2-43e5-a66d-fef8e7d223ca"
570,"f66459c8-e540-48d7-a5af-c9bccf7352b0"
832,"016f6f7f-dd06-41c7-928e-54f241bd4108"
1498,"4bc03421-392e-4208-8706-428b7780c146"
1146,"aca9f52d-a567-4bbb-8b81-e9f36fb8018e"
1684,"ec0a5351-665a-4527-8469-6159b77bd283"
1486,"0f90e713-7802-4a98-8f32-201f353cff56"
200,"6337c030-a117-4477-8db0-0731a96c198c"
180,"71528236-720a-42d9-9fc9-9e278ab9d0f7"
28364,"6b4926b5-508d-461c-95a7-9a55e6d18f89"
464,"528a79fe-0a3b-479b-a96b-b5f16300fcbb"
104,"f1203dbf-f47a-4aac-9723-1733c840abc3"
1408,"e53b01a9-c816-4446-9ff0-b57b2ede3a58"
25102,"22f26c32-5234-4393-a46c-58af5d49abba"
1028,"96469667-3a69-4028-9c2b-a1f37e60ab25"
248,"2e138a6a-20a2-41e1-80dc-6921122e3a68"
532,"110250a4-7f70-4a81-962d-20370e1464f5"
124,"7d9e4f4b-357d-411b-8fb9-fbbf5e643bb2"
1571,"a0768e1d-4c6e-480e-ad62-8dfb48fa0a60"
944,"71a11160-df52-4189-82a2-0515239a3b24"
1372,"f9ef2034-854e-47a3-ab9c-c5ed49271644"
400,"ce20bca8-ab18-454a-af3c-03a22da0d19f"
1400,"e84032e0-c73f-4659-b5e1-4ca894d9c5db"
134,"c5483288-b538-499d-b1ab-16d8880816c6"
1330,"7cf9b464-bb44-4521-93b1-334f3e6b25e7"
1156,"953414c7-da28-4400-880e-c5a3f3f9e5a7"
954,"50f3db4b-77a5-4add-8b97-b6f947865557"
369,"615c6a31-2567-4505-9a3c-61207f530b66"
1520,"a4e5f766-4cef-44a4-899b-79a7b9510dd8"
390,"a237ed2d-dec9-4fc8-a53e-4ddb42a86804"
1472,"21f566ed-84af-49be-a963-4a1a4a02bc1c"
428,"b519d1ab-1286-47d0-88ee-33574bde449b"
1158,"0daecaff-6754-4dfd-b73f-09de36643121"
801,"138503fe-9413-4c57-a95a-f8c9c1e55c45"
1006,"21ffe664-f5e7-4439-ab16-6836e104d3bf"
788,"9b32cf49-e372-4271-96a6-80c4f60a8db3"
296,"77eb2110-c3ee-4b8f-ac93-54bf230dbe21"
284,"c02713a5-8e26-40b3-8bd8-17d4e9314cac"
1418,"27dd50fb-134a-46d5-8135-9d996dce2745"
1406,"adb1b573-765d-4066-8073-254c1ceb7517"
10060,"c54879c8-b195-4cab-ab65-648d1425df47"
1566,"3e44cf1b-c29c-4690-b38b-25324dcd2d07"
418,"034d0a69-edc5-4296-bd56-fddeab08e773"
1096,"d7594109-68b9-4a1f-95ce-44a40347c43a"
10018,"c02713a5-8e26-40b3-8bd8-17d4e9314cac"
250,"b899dd1f-f686-42ad-8640-bece85f93919"
1362,"3c058f7f-1ac8-4bd1-9751-c3243b30bef3"
222,"6ee6d415-ef57-4294-9236-c1de6fa13317"
598,"b3126ff8-3282-4a4c-a6b4-7368c8b8b44a"
519,"77a32539-d7e8-4a04-9af6-011ae3f7b6e1"
382,"f770e7a9-634c-4d55-9ade-be4cdf08ac85"
1712,"0ca0ead6-210b-4a01-906c-33fc8ded73b2"
228,"37b3db65-e060-4b47-9bf1-9e21121f81a2"
208,"67489908-34e1-4c0c-9bf1-b20469007e1a"
1664,"f100ad8d-16c3-4b5b-81b9-760898bb78b7"
938,"5ec440b3-97cc-4c7a-bc5c-b63ffde6d8a8"
1104,"10dacca1-663c-430e-af0f-350a4e671efa"
1270,"2ca3b790-2b13-479e-9862-131f97148cab"
1714,"120ee287-4c94-4047-8cc9-fcfdc39507aa"
658,"6996eba9-1800-4a3f-9c7e-bd86ea7b9e74"
1616,"2a9b4af1-161b-4911-9bbb-3951d0f0f207"
1012,"ce999acf-2dcb-445b-bb6b-805ad4b98d7c"
1596,"ba8f93c4-34e5-42fd-b98c-f70022ddba76"
1412,"2caba638-2810-4b35-876e-ad2b8b793add"
526,"32d08ec7-9aac-469f-9428-1b052e0e27f0"
1214,"76786408-733b-473e-a587-c3d648bad3f5"
330,"1ced6c52-e7ce-420a-8b2d-9619aa341979"
262,"f12fafc3-1e92-4bcb-8d76-b10febfadc04"
1118,"500a6af2-e8d0-4705-bc2c-8d732c3cabbd"
1588,"951218d7-908f-489a-a917-0cff4ee24a8a"
808,"16217a64-7263-46e0-ad4a-96ef281c7324"
858,"325f1f56-9818-46be-80b3-db5628b05398"
642,"5d225637-2435-4774-96c4-7e7124504d76"
416,"1264896d-7eea-48e9-a02c-c26f61251e3b"
750,"b8be1435-5000-4db5-b429-efaccc16a7bb"
202,"8acbc168-85f2-4e9e-95f1-f3829526c5cc"
702,"98de2eef-12db-45a9-bf33-153ba8f4a92e"
308,"017e55c8-e267-4a28-8b0d-09d535a32fbf"
366,"e9912575-09b4-4414-a588-1cf4c9655caa"
634,"3cde69bf-e7e5-4e8b-951c-27b31fa7453d"
12552,"bd74edb6-6e13-41d5-bab2-220073acf679"
480,"79f568a1-20a9-43f6-a818-f15713851aee"
880,"9305cd3c-2d8b-41b8-9845-431a3bcf5c72"
1494,"d345c993-d1e8-41b3-bbd2-c116997bea61"
10003,"543a9803-5fda-481c-927d-1888dc3f5513"
10013,"f98e8afb-a438-4330-ac51-113bf6245cb9"
1536,"8183364a-804d-44cc-96f8-7b393bdb489a"
10082,"91ffb853-6237-4157-a799-9a8ae35a3186"
278,"2e278f6c-32e6-4311-9556-922228db5f13"
10059,"560d1984-cf9d-4932-b848-1ca9d3c56120"
10032,"688833f7-a8c0-44a0-ae62-156551ae87c3"
348,"0489659d-9050-4928-a721-a8d44dd4a92f"
912,"97e915e2-69bb-465a-a9cf-7aa58407def8"
10129,"b4a3bf17-60db-4dd8-b65a-40ed00c48fa7"
10040,"80d1fab6-0391-4c5e-a61c-a6b5da8598c4"
10045,"870f951f-4de6-4634-8604-1453fbf18d1d"
10123,"880f401c-c2c8-45b0-ad44-e724c1f31269"
1306,"16269dec-ba09-4168-a916-f087290e549f"
1036,"d8ab09e8-213e-44d1-a346-b23946966f9b"
500,"ee6b4c62-2d43-403d-bfcb-079f8ba229a5"
1500,"ca5990f4-bee7-43dc-8e40-072ef1160264"
994,"dd0f4283-7a4b-404a-84c2-060f092df5e5"
10079,"d2ac8757-0237-4298-8006-837a22054a6d"
376,"6fb4e36c-4d6a-48b2-ae7a-b04bfa09f8dd"
774,"c64830b4-7f3f-4250-bdfe-c5939ccdfd60"
504,"5bbd6f2c-a5af-40fd-b3e8-febd24849e7a"
514,"86e3adfc-0110-4ebb-a17e-c1e36238388f"
300,"4fa631ed-ad91-4fbd-8491-e4d7bfc88c23"
282,"dbb1b9d0-8096-471c-8a34-52801797a2f9"
758,"bdbbc357-fb26-4a95-884d-32f89094c7b2"
968,"3c885712-6604-43cb-9ea8-7ebab4eb5ec1"
1654,"69d8302f-634f-4662-9278-41c21ec885f6"
182,"e643b3b3-44d6-4fc0-8ea3-87a17fa182e1"
10128,"6351674b-d4ca-45c2-b4a2-694c5bb5d897"
1480,"1f62433d-7903-4a6b-9308-78898d722fe2"
550,"518f4f6f-75cd-4144-9949-7710e85563f5"
1258,"005ae3e6-3266-47e6-8831-d2dc82a29d0c"
548,"bc37e9ab-37d9-4c34-b49d-652df333527a"
846,"13e244ff-6ee2-4251-ab49-0193d20e6448"
1438,"34f98a42-d62d-45e6-9972-68d6b4c58dbc"
1124,"c52f17c4-f20c-4b88-823a-c4cba58c1d4d"
1484,"73363caf-c2f9-4266-975e-e4172ee2ea15"
1422,"0bcf6c17-ba03-4bfe-9b8a-5649d55f117c"
385,"afa31aee-d15e-4cf4-9f14-ce0f67ea61bf"
1122,"71e07e6a-cb26-4ea5-bd89-58b6aaaf2041"
632,"2e0d4050-bf62-4c42-966f-98271dcbc1f3"
782,"a3615280-3018-45e8-8bd8-f68917ca4b6e"
1462,"7a5dac3f-b344-4fe1-9bb6-601658d649ca"
1342,"365e84c9-070e-47f2-8637-e99e6f5175aa"
258,"b41b00d0-1e3a-476a-ad8e-87e6746e2461"
1140,"ac514b33-abb2-49dc-b91a-ac9506a1e9fe"
345,"13ef97b5-1b59-415b-9aa7-02910757949f"
982,"6fa916f6-b7f6-4b90-ad4b-8d3459fae1d3"
1700,"b449935f-bcb3-4805-b7d0-1960f5cb502d"
1572,"0005522e-a7be-48d9-9d77-4b204cbf1393"
10052,"96629195-875b-4a90-8044-634dec45281b"
1344,"7b113494-08c8-41a3-805b-23f0870d6ad4"
294,"8795f30f-5be6-432e-bc15-edeb5cdc6587"
1300,"cbfb4304-330d-4282-a6cc-acd087f21715"
553,"7df95edd-15de-48e6-ba64-ace651dfb34a"
176,"1d27f7b5-2420-4b6c-a519-944352e1cf04"
10130,"f4cf6873-af8d-4366-ace9-f30008dedd04"
1420,"091f4642-41f1-44e4-9c80-226ea1e8e781"
608,"3c79a18e-3a6d-40bb-9987-796ab0cdf4c1"
1062,"67306b6a-4add-4115-9e2b-e92d95a28320"
286,"504d48a8-f51b-4667-b253-8c4dfcfb1800"
1148,"aaf5dc0a-6033-4550-af7d-3dc6f6f8dc66"
188,"b7cccbdd-cc23-4068-bdf8-913af0474c16"
1644,"fad9ec30-4dd7-4a9f-b914-05e1a14ec1ea"
1534,"935bb3d3-8ffa-4624-b621-b3fb8cbcef0c"
198,"9774788b-4339-477d-992c-9e251600d1d5"
806,"bf38747e-5638-40e2-be4a-9ba1bc1c7dd8"
660,"ea90f7f7-3800-4662-b01b-8b65cabc6c70"
606,"9f4f9653-f7b0-4acb-b9fc-cc91b894af38"
1574,"28498a0c-5576-4b53-a939-406b497c5405"
1160,"1b394622-f17c-43cc-a2bd-882bdfcac365"
620,"23f07702-651f-4ca1-84f6-addfa4ff85cf"
292,"613f836d-2276-4f44-8b05-ce68d1856adf"
1608,"3df0751a-f8fd-4f83-a89c-ad00d1ff9879"
1398,"2ec48ff1-ad86-484d-a4a9-10359113db3c"
746,"685f3c31-e0c2-4fb7-8ddf-3f58ee037739"
1206,"aa33a7e4-927f-4492-bb04-43d2c753a7ec"
1184,"20ade697-c49a-471f-ad6c-a70d337addfc"
1266,"53054225-2b3c-4222-9291-40a728839e17"
950,"c74f3ca0-e2b3-4fe3-b489-3e1e300fa7e5"
676,"6edeb64f-2809-4c9e-876b-ffd366b9c08e"
460,"b1f0199f-bdea-4234-a896-f8a89b3bb407"
106,"d0feab89-4345-464e-aebf-53634feaed5e"
10558,"b334c723-6107-492c-8a04-39b6ff5df805"
1454,"404c43d6-fa44-440e-8315-b650ba3f0312"
1453,"4ee0a01a-e10d-463b-87cf-52bff85f3d73"
1628,"f4ba87fc-648a-418a-96e8-787e15ad9f1f"
10084,"ba83edaf-bf90-43d6-8fb5-5d4b6740f37a"
614,"33f4d6a4-374e-4429-9e63-ffabc8af963f"
1586,"4c195ade-0a31-471c-928c-5e051eff18a5"
10132,"82c79814-63ca-45c8-8d8c-438739f32c68"
616,"61a2ced1-c10c-4df7-a79c-5203a9c3d067"
1724,"1dcb7e5e-1e29-46aa-8780-55681dbf2eb4"
12532,"3cd30959-670c-4ffc-bbff-f84ed99e3ce7"
1168,"224e2bfa-de07-4cf6-82d0-d1c8ac5617ea"
1504,"a051e78f-68e2-4255-b52a-5f11bf5f31b0"
892,"506d25db-538f-4fee-8105-70e811d75508"
1154,"755e7b37-25a2-4498-ba54-86bff4458eef"
1492,"79fc768d-a460-4776-b67f-92ae1d61abd8"
566,"64438367-e0a1-404c-b821-076309222f2b"
9907,"8efb3c15-143c-4593-b1cd-f49c6f645bc3"
906,"f8181a02-0d29-4190-b6b4-5e191b44f114"
860,"7e7190be-9356-4231-bb9c-5bf37ec73c7f"
662,"1e1b080f-617f-43d9-bde6-f07d5412e0a3"
630,"f92ced1e-f1fa-4c51-a637-84c1c00a4b64"
594,"133be6e4-5c42-4de1-80a5-afbf931cc31b"
1040,"82d485a7-b231-4891-807b-52d464656a47"
868,"e6667b8f-81ab-4845-906b-4ea0450f43aa"
454,"7a5b45e8-680d-4360-83f9-c69023e97e02"
498,"e08e5e76-6e8e-4062-96d7-4f04a59f479b"
410,"f8d9ac19-8ad4-4824-9417-d0084cee19a4"
1556,"e44e794c-3d7c-464e-984d-c27e8fbc1dfd"
164,"a7709e1e-09d2-4c66-ab1e-08d4164f1501"
840,"70ccfe3c-d17f-48b6-90d6-2ef2858ea355"
9015,"be278032-6fd9-47b5-bb28-eb3b0e22577b"
324,"a095170f-98b3-4453-bd3c-529da75c0cff"
462,"31b9c5b0-c78c-4336-a6ab-a30adf0e3236"
1340,"d939f2ba-a2d2-41a7-aaf8-273247b45054"
9903,"0abf8e9c-d750-453c-997a-0e3e3b3c0b88"
870,"96ad7a56-5e4e-457a-aea3-4047613194ad"
204,"bebbcd3b-e639-4315-8cc9-f17c59994a74"
928,"4745724d-a333-46b4-8999-5d3149117998"
186,"de1ab345-ab59-4c5c-b0f3-90662892a9ad"
1211,"3ce2a6f9-fd5b-4725-8cda-636411f69595"
713,"1126ffa1-fa4a-4f8e-b84d-a06c385564d6"
704,"6b161109-5538-43d7-be1d-9c5baf6e00b1"
610,"8b46acbd-b011-405c-bdbe-2498664e79c3"
398,"1eb61528-b8a3-4c2d-8ebf-db21f6d8ae07"
1741,"61a2ef00-c6eb-49a1-a230-a48936b2fa3e"
1674,"6f3d87a2-8d50-4e8a-bb5e-de64aaa956e8"
1088,"3f707780-7f7e-4752-8eca-4ae4afbb2319"
682,"e42eb9ee-c6bf-459b-b258-e14815aecacf"
794,"d0070940-4ab8-4f46-8af6-d9ba3fff0b63"
475,"040a7ea1-348f-47d3-a015-7b5c4163bdbb"
1738,"2facb945-72c1-4235-9189-03e797389c22"
25130,"e4fad4d8-de37-4473-900e-0772ac236cf4"
508,"4d0d07e9-b968-43b6-853c-d65031d7b969"
13102,"b13ac815-2d47-4ad6-9943-799f998dab6a"
12494,"81bd8001-77f3-46ca-9470-14992121e832"
1696,"1f13f0f8-8771-42d2-819b-02d65a2847b2"
936,"19601770-90f1-401f-beba-6b3ba47c70a5"
11502,"0eda0082-100e-4366-a464-46ab959144f7"
712,"e7ec79cf-bb18-40ca-b289-67527c10a367"
9911,"2ba66295-d5eb-4deb-afa6-0ea1c7ef6236"
178,"4302ed8e-a5ad-44e7-94b3-a93ebb4ac313"
13139,"7a7b0372-fd99-4663-9a1a-5051eddf26b8"
9901,"49e38893-2f12-4210-b0c1-7a8a1891a9bd"
1100,"551f7b24-cf5c-45ff-baa3-f0cb8f75204e"
12339,"475384d4-882f-43e9-857c-cf239db4cf8b"
10626,"1dd9dab1-ba59-4913-945e-5e0d549875a0"
11508,"05986c2c-8d5a-49f0-983b-c062c00eed2e"
1048,"907f180b-b7e2-4fa3-b1ed-80e508d41b9b"
334,"b7bf8c92-3f40-4c97-8d96-a3623e7a5471"
12801,"9c4656e2-e118-4651-a3fa-247d4c21d71c"
25133,"c9bc576d-6f5b-4272-9c48-faadcee53ad7"
21300,"aee91839-e9fd-49cf-8c7e-7543daee4a97"
12857,"e8afb091-c33f-4308-9c6a-6d4199dda05c"
9004,"8903da98-75f1-48c5-9a2a-32ff04a17aa2"
11618,"f90052bc-e553-4917-bc96-54d8f089fdd2"
934,"317939ab-c0ea-4fdb-a7a1-535cd4818ad2"
162,"d0978728-c67e-4595-9fee-60d378e7f55a"
1690,"13dc719b-97f0-4a8b-90d9-28479a7bef70"
172,"6fb8e3f7-21cc-4c6a-b55b-0a6c25a52577"
25104,"5b73b411-284b-4052-97c7-31359b363b86"
25136,"b7816ca3-1f91-468d-a958-f68054a31142"
15007,"f03a3ca4-267b-4218-afe8-da649ef076e4"
13294,"55af796c-2c25-4f5a-9a28-3fa4ac30694b"
1290,"c5a0b5b2-e84b-4259-b93b-e1b626bf40b2"
11701,"99c6b24f-f3d1-4539-822c-e9ea907947ef"
1670,"44aa7923-2a57-42ff-ab7d-e4f503be77cc"
1170,"80d45276-48e2-457d-8d6a-06746d17139f"
1192,"12fdce1e-a8d0-4e24-b92e-7ce641dfb210"
276,"47a30cfb-81e6-41ad-a1e1-a856d523f69b"
260,"8fc74efb-225c-4fa3-b36d-e4560eee7751"
914,"c7bcf62d-2d9f-41fe-94fe-41b77f265f70"
644,"f43607a6-81c1-42f6-be68-82785fadae64"
380,"03e9ecc9-ea60-43d6-94ac-f02cd48d40f7"
434,"fe20597c-9dcd-4c8a-821c-7a5ca1d25aec"
992,"24532dd2-a92d-4d5c-8b06-2e937f2645b7"
1262,"a0cc7b4c-7035-4bf3-8799-b69fafc5bc79"
1460,"40edb383-f27b-490b-80cb-7ae69437f8de"
1136,"a2f833fd-05fa-4430-8230-403d875a59b6"
718,"c2c31198-25db-4981-96e5-cf07d7d0b9c6"
14908,"79d0a201-2553-44f6-beae-3a9e05c33a77"
244,"aed10b06-3fe8-4706-b99a-5edd9bb2522e"
9003,"d57427b6-908e-4e02-adbf-3658833dc121"
715,"87699f36-aa34-4d02-ab17-ab2141472cd7"
9910,"c50a728f-e1e1-41e3-99fb-4f5e045b6dff"
1452,"8163244a-e1a2-410b-917d-682202d3b4f6"
1538,"28000baa-5098-49e9-80c8-659769b8ffd5"
1748,"d57427b6-908e-4e02-adbf-3658833dc121"
1456,"d3a06dca-c279-4f92-a4e7-d226c9426e5d"
408,"22b0ff92-52fb-4012-a0fb-bcb76d8ed0fe"
1304,"d03fa686-c22a-44a3-ad6a-cad0fe2908e2"
1010,"1095309d-9c7e-493f-9800-c24dfe783f53"
1112,"cec85cf5-a54b-4220-aef5-c75a1fd4ddfb"
974,"7e5d427e-eb9d-4081-bbfa-e298bde33def"
848,"8535e22e-a1ae-4b5d-9a39-0a9a746f7d50"
354,"1ec7111a-758e-437d-9644-dcdecbde40ff"
1174,"7a34539d-c8b4-43fd-a867-263b29f59b91"
818,"ddd04f49-070b-4b99-a27b-99aa757c04ae"
1478,"87956f71-7ff2-4132-bc29-a3c89070aaa3"
768,"bf7b3cd4-00a6-4048-b04d-463b4d8f6b90"
1292,"2c389294-08d5-4884-ae6c-2d54bff593fd"
226,"3fc31e2e-f2b0-4280-9c84-3bf26f78f74d"
470,"dc26d910-dd28-406a-8398-9153f891afdf"
790,"c1f4eec6-1550-4b5f-a59b-8bca1d8d1219"
1314,"32cb6b4e-7693-40ed-a795-1bea6ee97972"
12370,"22ca1fcb-bec9-4ca0-8c85-ee67efe1e705"
1102,"97954ae1-a35d-447f-a808-5e6dad00ae61"
946,"c0ad1280-503d-4421-b5dd-5e43b195551f"
290,"64c4ffe9-763d-4d6f-a4f9-114e8ac1178b"
432,"4c5b7aef-c2fa-4194-9d54-5ba1024cea52"
1058,"68821d43-058c-4484-9a45-49949f749538"
1668,"b59dc807-1a67-4ded-9025-73167eab9d84"
314,"83f15757-56f1-4c67-8c90-b681450830b5"
1296,"5d2cc7fd-cac8-45c3-bbe1-248d73f3955c"
1060,"b60acdfc-74d4-422d-8608-42f931159d18"
298,"606e54ee-baf3-43ca-a1ff-a32d4ce4ab05"
1446,"cc19f618-e475-4faf-abca-67cda3a58d36"
1584,"25e22520-43eb-4453-914e-a34d8579b1e0"
12497,"dbeecab9-6c05-4625-9522-7543dfd7180c"
10007,"4629fb99-aeea-429e-b72b-704c668ffcc3"
1396,"0504b703-c6bd-4199-a863-65cf6e598ca9"
488,"09e3ccc1-5fda-4fbe-bcc5-a032577aba89"
1144,"fbe18fd2-682e-4037-91a9-d74bf06264b0"
720,"ab8e1d61-ef6b-4cf3-bd44-a2b21856f672"
1374,"e5d5b125-f5df-429b-9a5c-b64e68698396"
1722,"d2e78d62-79eb-401b-be2e-74487e06a5dc"
312,"db5494d9-99c8-4c8d-bbe2-b3fd62f117fa"
640,"3af360aa-2bd1-4433-b4d4-111b38b7176b"
680,"220a0a17-2653-4441-af89-c35cf16d95a8"
838,"6a25b0c5-4be3-4ca1-aa74-010a01984b45"
1672,"c6c3d431-59bc-45b6-9ff2-4cc29c0643a4"
1686,"8fc46e0c-96b1-4235-854a-a2ee49f7839d"
11225,"ff92b8a3-42a9-4ca9-9247-c1c49a617cb5"
518,"7731a920-4bfd-4017-aa4c-dacd80cde55a"
12539,"745764e9-40d0-438b-a1ce-b7eec7799f03"
1548,"bda0f191-065c-4b59-b753-a940e4f8b9de"
1558,"9390a17e-9af9-4491-b553-a0c244701937"
1630,"071880e3-8d14-4b2f-a097-88d91a8ea512"
15008,"58f2725a-bdd4-4a47-8c5e-f9cc00e20d37"
1056,"02a38114-cfef-4831-a5a1-be6db0b5f59e"
584,"232e2655-48d7-4fd9-86e8-0f0a19b1eb03"
17701,"4825716e-0f05-4027-b3a2-28513dfca027"
12644,"0aee373d-b911-4a97-8997-e016db5e744a"
12646,"616abd7a-0e54-4529-b3cd-c75d50c5c88c"
14804,"dc88cd49-01c2-4cae-bfba-5bf49b19de4b"
15009,"b3ac342c-085b-4eca-9175-335821c3c7e4"
12373,"4e778d46-d0cb-45be-bc85-c62be01aa767"
9905,"29b28ba3-64d2-4a00-aa20-5ef28c727525"
12574,"0b1d8399-b9df-413d-8740-bb2bddc942c1"
13042,"19196fd3-b432-4f7f-a07a-b3d86b582771"
14906,"f2f63326-b034-4d34-b97c-bbd944e01328"
10111,"6a31cecb-9b1e-4740-bd2c-a3e62dab9fe2"
15004,"5540c2c7-430b-42c5-9dc6-499bfd665c68"
10073,"ce1ff147-032c-41da-b6a4-354231cb1d8d"
960,"a9c76a7f-4f09-47d0-a5b0-efd70cd6f3db"
667,"2a482b7d-094e-4b27-bc32-88cbd8831b5e"
872,"6dfed1d1-53ed-412f-9043-e91bb7beb4f7"
28398,"eb0ece27-b7e5-4f64-b3f5-ceb7bc22996c"
474,"141efaf8-9b68-49b7-a4c1-766294b8fe69"
21093,"f48fee58-22a3-4128-b89b-b9cdfb12d563"
16006,"9f1dee8a-9b5e-427e-9d87-392bfb054752"
15006,"3399ecbc-b310-417e-8099-f99b421598f0"
13273,"be5d5889-13be-4d3c-8547-0dc6c1d3f353"
11182,"a255c713-62aa-4eb4-8c3f-989bbc358a76"
11676,"70b90b44-4c5b-4bd4-a07e-8576a9dcd318"
15087,"c34d9da7-e118-48d5-8ec8-429813950e09"
11192,"c64220bf-6f04-4fc1-a9d9-4bcda19ca9a0"
11104,"6931a569-81f3-4c7d-beed-d242ed0d29c3"
996,"a28d2bd0-4225-47ee-bd96-0cab41c25cf8"
12568,"2abfe248-54a2-49b9-9d7c-2cd172a9c508"
1207,"e5427caa-5782-442e-a605-e40d59bbd7b8"
1716,"898aa2aa-d04f-4d47-9aaf-6269962d67b9"
1359,"3dadfdd9-6c7d-4d3f-9011-95934dff823c"
850,"ba3bcc9e-ed92-47d4-87df-627b5230ab76"
25121,"42eaf569-8485-419a-8069-c9ac71991484"
25237,"fe5cd5cd-a0eb-40be-b8c2-82eddf382281"
1434,"f892aacb-99ae-4a4e-85ee-622df749a62a"
10126,"b2be1d11-7659-4cce-9215-30aee5749971"
1458,"e11e6ec8-809f-48b5-8b95-650873a38ffd"
1268,"517bb6e9-95a0-4ddf-8406-b30609baf5b9"
1640,"6c75e397-b14e-40e3-bee3-86e5694db1bb"
450,"80111a80-2c0f-4915-9303-faf561654f8a"
1524,"5744c1df-55db-45fe-8cc1-7c1a4f15f293"
10709,"971ef4c7-b22a-4a81-89c5-b0b60ff46dfd"
9914,"ee94d4cc-5abc-4f48-ae7a-8d6fa039c084"
13317,"c18deb5a-7aa1-440c-a8fa-1bba79c2bd4f"
588,"c7252143-3c5b-44d9-b5bc-f7bda765a8da"
10695,"aa8842f7-3b16-49ad-80fe-90ca3f34f4e2"
10652,"64c63f40-3fc1-4a62-969a-9c2306b439f5"
10531,"70dedc92-ad79-46a9-828d-39d971122a8f"
10770,"63d25425-3d44-4a21-bd1d-c0076addb115"
624,"dbb84631-24f6-4eac-8b2d-7b491e01f3ce"
792,"9133ce12-ee48-4cc7-ae2c-577bbb38564c"
492,"55f87a8f-571b-4dc3-9f4a-39746e1e4f9d"
25228,"7afc35dd-720a-4812-aedc-fefc0431e670"
25099,"e45257f0-a5d7-4434-86b3-5a560183860c"
13159,"a8d84c92-5b91-478a-9283-8e0822ad547d"
13182,"50306a21-2626-4cc6-9f70-9e78cc85c4d4"
10575,"f9ba627a-9fc7-4cd8-918b-7c3c9e0d33f9"
28114,"33f89275-c0ac-43ec-a96f-4d3de2f72bbb"
10734,"139201a5-f87c-4ee5-98ee-27fba1df3b53"
28643,"bba55a50-c524-48bd-94b1-3f594b1e76e2"
13360,"884f17d0-4b31-4ff4-8bba-0cd74eae3b0f"
30500,"c5a22c7b-ff61-416b-be5d-f18948147988"
25120,"1c435bcb-e030-4c22-bae8-a3e0e4d0fe36"
12371,"5008cfc6-50bd-4c50-a4d5-a841b9db56d5"
10623,"50791d25-cf12-4df6-899d-66cc1fca3b31"
7974,"0690ae4e-1270-4305-bdce-642fb61528a1"
1570,"94ebb372-907f-4d1c-8f6d-2c9f71eeb8c0"
1044,"29476712-7009-43d8-9362-052c4b72ed7c"
1328,"9ead8253-e632-4512-a181-3e63df3cdce9"
1252,"8d5dfc26-499f-4401-902e-666c257e11d3"
1064,"fa64c6b2-4bcc-431d-98ff-4fa74b338790"
12565,"347702b6-581b-4be0-9148-2fdabdc0d82c"
1068,"4a569c22-08ef-48ee-9a20-1d1a337850e5"
10078,"ce6878f8-a201-417f-8574-0b28ef7200d8"
10609,"02bab1b6-02be-4b2e-920d-ff214ee7bc84"
10724,"6b518858-74af-4125-95f0-ca54d746fb8e"
10588,"03557690-d90b-4541-93d2-6255c4f91b14"
10009,"7ae81cf7-6cdf-4318-bde0-e44669e56a20"
10646,"2e5ae62f-43a7-44a8-a8a8-a62e5af1e7ec"
1166,"e321cbc2-0f3a-4326-b8f5-596367fd415c"
10691,"8b909cf3-9a44-4c31-b3e4-076489498907"
25025,"629a37c4-ffec-4427-99ad-c8bf72b36a86"
876,"e92446ac-7ad6-437d-93f4-dc249f5090fc"
25091,"3f7c8bc9-dfbd-49d5-9698-ac54ad8b5012"
25157,"c53f931a-81d8-450b-8d99-071a2a7cf52a"
10666,"18feba1a-e77c-434f-8902-939cf5ebf1fd"
13163,"47a3dc55-329a-424c-9a4f-cdca1bcb8562"
102,"6d1b1f51-655c-46df-8a72-af8ddfd99749"
12559,"d0c9367b-e8a8-4214-9e68-2354d91280f7"
668,"aec48c0f-33b7-441c-8854-4994b02f8795"
10064,"4f00ac5b-60da-4150-af96-fbf9f58f77f0"
10019,"0eab1f68-407a-4d93-90f1-082de0c55dba"
10124,"1fee2610-3a36-4c44-9d6d-4541bd975022"
530,"3d9a446c-a560-47df-b804-7209d9440c32"
11471,"f23106d0-038c-4b3a-beb8-b06db99afe90"
13075,"923b627b-2d9b-4d4c-b264-858991a55eb8"
25020,"6958392e-d1a0-4621-a0f6-c505d0adfaf9"
10119,"6d757595-1ddb-4716-860e-e05d10deb550"
11581,"b9dea57b-5d67-461b-8ead-446dcb51fa83"
11144,"4fa4b60c-9d75-4fbe-828d-e4227f9c13a8"
13164,"a60388f1-65d2-4fe0-a5e5-aa9f7d3a68db"
21503,"eca1cfd5-0574-4ae8-a736-58ac4768dfa5"
28369,"bb694921-d3fe-43ae-95b9-2e8d83844fd4"
24382,"f1020a3d-0659-4323-95d6-3800c5f9172e"
14803,"0822cca6-89fe-4d8b-ab81-0b40ec4f7bc4"
31500,"e45a1df0-5878-4181-9321-8104c93908de"
17526,"92f72c68-4c47-44c4-a4c0-b93ae7b404fb"
12645,"9e434446-e82d-4086-8621-a3540c35e0bb"
28656,"4f20d9ca-df3d-4b49-b81d-b207ce7ec626"
31001,"28400089-de11-4297-80b0-0ca774dfd361"
28563,"bd12f619-3d60-413e-a9ef-5742cd4a21bb"
21282,"ebb81bec-bb5e-4806-b418-2536b760578c"
11188,"db807f96-b214-4f84-8b17-5d53032b76a8"
10114,"bb2e3cd3-325e-4b2b-a864-108061ac6714"
10637,"99baeeb9-4576-416b-84fc-0fb39dbc912a"
10743,"9b865cec-832c-43c0-a2ac-a348bcaaa585"
10601,"9efb5eee-ec00-4e18-992e-82f9acd7d6be"
10530,"5b1a32f0-037c-4476-926e-a74b421d7403"
10570,"7bb74e79-f435-4351-914e-1bbfac5cc61f"
9007,"b2c8aeb8-632d-44f8-bdc1-ee9222cd3857"
1694,"b9281a99-392c-4dfd-8037-8d4973abd2b0"
10519,"b97764fe-9d62-422c-9ae7-a75ad3aedf2c"
10134,"1d21e70a-109d-47fb-9a6b-c6e1ba86949c"
11082,"4b7b016e-ef3c-4a0e-bf0c-abbfa0d0779d"
13232,"5479cbc2-44a8-483c-8f08-454ebc366edd"
13174,"f48402f2-f7ba-4a20-b237-2bf6c5479262"
10099,"1ece11d7-7467-46db-adae-c9e665274ff9"
10105,"5ed0c188-bf24-4e64-9cfe-af741bc2c3f2"
10517,"ea6ad58b-7e59-4055-a13f-5df793e5db3a"
10093,"c40d0678-567b-45ea-a103-80892b68f42e"
11767,"82dc04cb-26d4-47b6-ab22-d55827ec860b"
14909,"c36798dd-e869-49db-90c6-4baacde657b8"
14289,"641d8bba-033d-4aa3-961b-322fa1a8d06e"
28167,"307febc5-60c5-456a-8498-19c85645c8c5"
30050,"3b6a0f01-78b7-40b6-ad40-447c2588d34f"
29763,"6089f6a4-f1e9-46cc-b64f-c5302d41e69d"
12402,"ec1a265c-0a11-48ec-ac4c-9d4e7537ea26"
9913,"b9281a99-392c-4dfd-8037-8d4973abd2b0"
10010,"39ee28ee-cf1c-41cd-a3c6-fa558d35940e"
30003,"6d00b044-607e-4dee-aa9b-e1fc2c6a87bc"
11369,"7e7931f1-f574-4c5d-bd74-148289aaf37d"
25134,"3313ea3a-d052-4d7d-91d0-ca4931c5bad6"
10024,"afef655b-dcaa-4a51-9ac8-35965d30c279"
25086,"1af88929-c0f6-4176-b0fc-24a6a5707d9d"
13117,"c1f8da0f-be5f-4413-83f6-b744a324ddc3"
13146,"43b3eaf0-8299-405d-9efc-e5f5304a6a1c"
25200,"2dbe9561-da33-4cb6-9086-aef853e803a9"
11466,"7f24ff6b-9a26-41ae-b225-b9e3934b5639"
11102,"f66f8efe-db7b-471b-bc03-ee0b7d6037bb"
13151,"9fb37bb2-5739-4899-b8b7-c17edcb98b1e"
12548,"d574bbc9-6d97-4b76-83f8-2236ab5edb7d"
25146,"294c7fd9-1b82-4c2b-9ee8-1c218109d3d4"
25089,"a6e44900-3891-413f-a32f-356124d42d79"
14904,"7cb34de3-6632-44e7-91b2-6855ddefdf89"
14903,"cbda79f5-5c22-41cf-a212-bab495aaa279"
12492,"007003b8-5b99-4a8e-9b65-1ac0c2757fec"
22048,"5fabc01f-282c-44ac-bd67-ab8c1a1a76cd"
25074,"d177827a-e24b-4d06-b6b7-4b2fea997473"
13393,"81a0ad73-9ba6-4a93-a8fb-fa247ce78c7b"
10731,"b678d647-7106-4eb3-9565-21a3b0fee6a5"
10506,"07f0d4bb-ac58-42af-9670-9d597444c233"
10745,"9aa4869f-b8ee-4932-b057-85ff3ba42756"
10516,"2c00851c-311a-445b-872c-f7734ffc89da"
25035,"d47fb580-51ab-48ff-ba49-fb3ee2edb4ee"
13162,"488938ee-7b4c-456d-924e-3e27d693ce6d"
9006,"0690ae4e-1270-4305-bdce-642fb61528a1"
12570,"180be689-0300-4f33-839d-24b802db7835"
12512,"c82461a6-b0d3-4ca1-8c36-444e9df7685f"
12569,"fa4990bb-32ca-4359-a9cd-5bed165a9a93"
12496,"7072f784-4471-4129-879c-8a6a5bec4b29"
13170,"a7d32244-4c74-428e-95d8-d4956a3e530a"
13101,"04ddb173-8db6-424e-8fa1-dc55702ff93b"
13035,"ab82e785-9fc9-4b9d-ae46-c4256bb56f34"
13547,"f8d394f1-b7eb-4f05-9510-ba4b7c39219c"
10619,"54bfa925-15d0-4b0e-8e28-d32642b636fc"
22046,"a1c9db21-bf77-4b6c-8bea-8f71239f5ca6"
25138,"522f5d7a-6f7b-4287-b21b-23df60b5b5ae"
12650,"76038a67-a8e1-4b34-b954-67f1d84d3299"
21203,"20566e9a-3d1d-4f98-bf92-a0d083c06d63"
13085,"722847b2-cf0a-4f7f-945e-a82f6d249078"
25106,"779bbb78-6dcd-401f-ac58-357e6770830b"
13385,"bfb7c393-08e3-416b-9dfa-b1b078d934f3"
13023,"c017f472-a6e9-4833-a0f9-2f4f35476914"
25144,"946ae5bc-f011-4030-a1ea-f44ac4452dde"
10583,"a255532f-9f86-458a-beec-13db76420e6e"
10083,"8cdca129-840e-4e33-94ab-8b9422da2596"
11595,"ad2ab137-0193-4e2a-b771-3b26f7070e6f"
25164,"e43fbd73-3ca8-484b-badb-1e8acb71e4d0"
12489,"ebcdea07-9de7-41e6-87b2-f4cc27e7ea8d"
13614,"0c663d37-ed8b-4190-96e5-c2421c7d4c33"
25118,"c927209f-2425-48c0-a8f1-42aed528b645"
13718,"712b376d-6cd6-4ddb-b202-aa1a565baf03"
17539,"c9eb067b-2f29-4798-bf90-2c1399fc4815"
11200,"341e3eaa-94d0-4c18-81c7-0741f480fa2c"
23500,"e2ec4860-1c8e-434f-8b2d-19069b61d263"
1061,"15859502-5001-4197-bf0f-5bf70f403d01"
10544,"028eb57c-4f7b-477c-ab82-68bdc044cf5d"
10573,"40b0151f-f6a5-4f85-92ed-f63e1b027cf0"
13352,"ee6d2c1e-ca69-4666-8a36-0d9760c64550"
25153,"c53f931a-81d8-450b-8d99-071a2a7cf52a"
13027,"b4e79919-2b2a-4144-87d2-a97f1bffb48b"
11770,"801ef54b-8786-45ee-a36b-10be6b845a18"
10595,"e8b62efa-d60e-4924-8ac1-739e65e142a3"
12531,"dba40675-95ac-40ec-b0a6-16709191bfbf"
12359,"f9b027a1-084c-4f00-9520-a14d14d1bbea"
11645,"23f47e0a-0329-4b60-a05c-eaceb292a1d2"
13280,"ad8cdced-0060-40be-8bd9-4c066d067454"
14241,"b6cf97bc-a324-4c1a-90e5-0e75f34eb7d7"
16017,"db935d6b-f15a-42d6-ad7b-a74934a02082"
11171,"b37776a7-3c03-4dec-959e-a6da95fb761f"
29775,"098e1491-1717-4088-b7a0-55e47c8e1d17"
13389,"4e8752f9-fa74-40a6-92d0-9ac80404f6b6"
12567,"120d5386-c5f7-435d-8918-2d1b8e03c49f"
1356,"3dadfdd9-6c7d-4d3f-9011-95934dff823c"
10031,"56b647fc-c783-4fec-a636-c4c1e00ab52d"
591,"639e6188-2c93-4c8c-96e6-925d73b0ffdc"
11070,"a2fbf9a8-5598-44e8-be46-b0575b992226"
10548,"7a3a7c64-f8de-455c-88d8-37a284ac2e21"
11464,"3e20eecf-74c2-4a80-b6da-1ed8e89d9902"
11016,"5fafbfbc-16e9-4339-b238-b31b776e4991"
12859,"ea0d489d-a805-4318-89ae-29a9243bd0c0"
11761,"c01832d0-ac05-4863-87df-08540ce78c4d"
11785,"27883606-64f2-4b34-af4d-d2281d3a0b48"
10740,"9596c282-919a-449b-8dcc-f3b4783ce227"
14917,"38dcb8ed-66d5-41ba-b062-ff5f77eba32e"
10061,"53de0d37-a1c4-4e38-ae39-9b3191f0e0fa"
10591,"71f5aecc-22d2-4aff-9822-46ff4ce74158"
10528,"5d53a221-f6d6-4eca-af73-c160ec5d0ecf"
10140,"631c1ad2-4945-4b5a-bf48-0696804817c0"
13401,"d99a8013-73d0-4714-af4f-ba5960d432ec"
10101,"f3d5e116-847d-4134-8bd7-0d0ae1d7fbfc"
11501,"21ed59dc-da56-4acc-b6b4-cc394994fd44"
11482,"3def3a75-86ee-43c5-b530-13b898042dcf"
13266,"1467700e-8bc4-4e9d-b675-f90d8470ba57"
10050,"c0ae4fbe-f545-495e-a7de-b17f539153f1"
12861,"e7973369-4ffd-4f51-92fc-0bd9b8ad451d"
12363,"2f15190a-b310-42da-b9d4-2e41a8ffec00"
28285,"504565aa-2abd-4d69-9cc4-dbf2f5a6864d"
14864,"ef6a4f9c-b9fc-4c84-9fc1-fa89f844e53b"
17508,"c124993f-cb4a-4bcc-96b6-55f913376606"
17509,"1a3ba4f2-3892-4a2a-99b4-3c798001ffb3"
28345,"32ca7465-3c0d-40c5-92e6-67fe6f2fcd03"
12390,"3b1bbdc2-5c11-40ba-b7ad-25bec3a4138a"
21506,"7abb4172-c81b-43a0-9857-b30c07b0de16"
16501,"04e829d5-70e8-49c1-b60a-0c8bc79704b5"
11537,"3b53c708-b303-4b43-ab41-22ed869f3eee"
10030,"2629cc3a-c3f3-4238-8d59-b43955446994"
11176,"c98259a2-49c4-4243-9b20-6b9a2b9a4ffa"
12550,"29e31d31-18a9-46bf-8fdf-27cad6e81cca"
17510,"9d3472c8-02c5-42b5-bb51-d68ec0d78b72"
13195,"d81d958a-b2bf-410b-94a8-7cd00e8d564b"
12838,"e6ce254d-240b-4081-a66e-26e1ced9a095"
25088,"7459e649-1111-4e8a-9389-bb2f74b513d4"
11413,"c5daba30-1512-4730-a3ea-87c3c3636fec"
13168,"f2bf493e-534b-45d5-9dff-fc708531114d"
14856,"3779df04-0ed3-4c81-98ec-0e475b32f74a"
13015,"9a4201ef-e671-48fb-86cb-6694885e1aba"
13524,"1ca1eec6-40e3-4d04-9831-04fe92760ad0"
29779,"229cf8e5-737c-418e-8f4e-f3ac3d566af4"
21380,"00da9582-599b-4727-b80f-1af2187e4c35"
14858,"f0d82e69-dabf-44e0-a131-32581fac97dc"
30509,"2e600d06-eddc-4a2c-8da9-7865f1012bdb"
15000,"e04b259d-f919-452f-8f29-9da4a3680760"
10071,"ff49a7fb-e187-45cf-b43e-ace027e52d55"
25174,"1af88929-c0f6-4176-b0fc-24a6a5707d9d"
17700,"5376efd4-bd09-4bc0-b701-3022f8e986b5"
17537,"32098185-96f7-4d72-b796-7f0c412aa5c2"
12384,"a361ee07-80d0-4b7e-a9ac-5e6c953cdbc5"
12367,"91e6059b-ac87-41d5-b67d-88424828f065"
12557,"c55e25d8-abaa-4ab9-a42d-b5f15af1432c"
10585,"6cf10414-b44d-4141-8a9a-9abb9d5fa584"
14912,"60cce576-0db5-4b83-8612-b709e3a49b49"
14523,"b3420ac9-c595-482b-907e-299db528eb7d"
10659,"f223eb6e-ad22-4966-966d-f56433f79032"
13197,"725ef5ba-8892-49f3-99b8-125c2c8d34a8"
13125,"df7a8559-e149-4b88-a0ba-bc6d91a6a619"
11344,"9fb24da6-658c-44c4-8548-a230c3f73a6e"
10115,"94441322-2174-4aa4-a95c-d53447d951eb"
13366,"708b7cd5-8ffa-402b-a887-ea311f421b80"
13059,"49bbe9c8-bc0e-4fe7-91a4-3d9ee270b9f4"
28599,"b14f1bcd-df00-4ede-867d-1d1ed9d13484"
22047,"110b97ab-b805-4bdb-9b18-114a67a85183"
12451,"c32f9ffd-719c-42a1-bab0-a7c2f8864101"
25087,"2e097a67-4b4f-4e52-9a4d-1fdd0aed155d"
12607,"9a989f0c-4cf6-460b-a1d0-249c59cf7c53"
17517,"d6f4b19b-0fa4-4567-b38e-4f19996fe38d"
15010,"6124f5ae-52a8-444a-a7cd-abf70daccc2a"
12481,"fdcb00dc-f119-4fd1-bc64-8bf0cb4ca73e"
12553,"5ebeb59e-b201-4912-b8bd-672e4a6d41e8"
12575,"2f1bb9c6-a6d3-474d-a578-9d8d3402138d"
10714,"5eedf12e-69e7-47a0-a5c4-dcce97efa985"
11711,"fabbe516-4ef3-49e6-ab9a-6c59ad8df099"
12534,"de6da4b5-788f-4ebc-92e9-8d425a107ea7"
11418,"a6c2ea32-fc2e-435c-b87f-a9f64f94fafe"
11674,"dec51c0d-c118-4ef6-b45f-b0ec36c0697b"
11207,"bfd2f17a-f57e-47d8-b02a-805f008926f4"
10089,"7579e879-0b84-4b0a-b2ab-33836b0c0368"
12031,"51135525-e587-46ba-a2b8-fe47e8d7682e"
25090,"245106f5-1565-43b5-9f56-b2ff2429196c"
27042,"e6da4ee5-2996-4c78-8d7b-09946de1de96"
25119,"6810b33b-4ca8-498e-8de3-416ee60acaa6"
10739,"27d5c484-30ec-48a4-8b0c-e6c4fe9f4636"
13288,"cfd5f191-83ff-485e-bfce-f5f68896488f"
13091,"b3ee3409-edbb-4e6b-8d75-3a6d92a03c10"
24373,"5551af10-10f9-4845-bc87-e63bd712ac21"
10625,"a4a26e1e-0b33-459f-a36e-4463be7b9ce3"
21175,"c1c0d9df-39db-4937-98ca-ae4b3080f22d"
21499,"3b3f527d-71cd-4060-b02a-2761412f5dc6"
11503,"bc6316f4-8011-402a-9d81-d1f786074b14"
